t_LD,t_TO,stance_duration,landing_speed,theta_landing,theta_takeoff,veloc_takeoff,delta_psi,theta_TO,surface_angle_error,model_theta_t,model_theta_v,model_v_t,model_delta_psi,model_theta_TO,err_delta_psi,err_theta_TO
26.500103,26.5661891,0.0660860538,1.78670583,5.14213675,8.50670365,14.4391433,3.3645669,5.93243966,0.70710385,6.26268349,11.9447648,1.61740273,1.12054674,5.68208133,2.24402016,0.250358325
27.1491451,27.213309,0.0641639233,1.75757403,5.56350778,8.1010961,12.7326363,2.53758832,4.63154023,0.344239017,6.74199232,12.8929713,1.59026658,1.17848454,6.15097895,1.35910378,-1.51943872
27.7719772,27.8363831,0.0644059181,2.12340028,8.03340184,10.0855477,16.4635578,2.05214586,6.37801015,0.540415995,10.3517826,19.1637066,1.93709177,2.31838075,8.81192402,-0.266234892,-2.43391386
28.4494691,28.5153062,0.0658371449,1.72406535,4.9207836,7.53360818,11.5211389,2.61282458,3.98753076,0.452499027,5.93089198,11.3757456,1.55855317,1.01010838,5.44485362,1.6027162,-1.45732286
29.0261412,29.0922611,0.0661199093,1.64492422,7.04110303,9.81572677,16.4375025,2.77462373,6.62177575,0.445737323,8.37049512,16.1710656,1.48562445,1.32939208,7.80057047,1.44523165,-1.17879472
29.6775479,29.7433519,0.0658040047,1.98903189,6.50519195,9.68778237,14.3666246,3.18259042,4.67884225,0.35150977,8.19631812,15.3530951,1.80875957,1.69112618,7.15677697,1.49146425,-2.47793472
30.2265441,30.2907403,0.0641961098,1.62409244,4.47103193,4.96923915,9.00652796,0.498207228,4.0372888,0.362151068,5.30093756,10.2590538,1.46488361,0.829905639,4.95811626,-0.331698411,-0.920827453
30.8328249,30.8982749,0.0654499531,2.01957378,4.27118426,5.64034118,9.5045657,1.36915692,3.86422452,0.408966197,5.41401685,10.1118809,1.83650451,1.14283259,4.69786406,0.226324336,-0.83363954
31.4291182,31.4937119,0.064593792,1.79892621,5.69134261,5.88615239,11.1277637,0.194809778,5.24161127,0.169453811,6.94469228,13.2314201,1.62914891,1.25334967,6.28672779,-1.05853989,-1.04511652
32.0456669,32.109962,0.0642950535,1.90150494,3.38966128,4.33662001,6.84045808,0.946958734,2.50383806,0.456776552,4.21125691,7.94885924,1.72470714,0.821595634,3.73760233,0.1253631,-1.23376426
32.655942,32.7208848,0.0649428368,1.85306139,5.50754126,7.66206774,12.6525987,2.15452648,4.99053096,0.37024033,6.78256247,12.8596501,1.67995498,1.27502122,6.07708766,0.879505264,-1.0865567
33.2988908,33.3643801,0.0654892921,1.83323331,6.76559648,7.74297936,13.5645369,0.977382872,5.82155752,0.450548571,8.30028513,15.7666894,1.66200556,1.53468865,7.46640427,-0.557305775,-1.64484675
33.904027,33.973011,0.0689840317,2.16646374,4.83309159,5.14900752,9.07545526,0.315915923,3.92644774,0.506136613,6.28344757,11.5836668,1.97600046,1.45035598,5.30021922,-1.13444005,-1.37377148
34.570888,34.6360261,0.0651381016,1.90771223,5.01172102,6.64161965,12.5311645,1.62989864,5.88954483,0.168885885,6.23055316,11.7548127,1.7311903,1.21883214,5.52425955,0.411066496,0.365285282
35.169414,35.2349072,0.0654931068,1.86366861,7.35837724,8.40045604,14.867756,1.0420788,6.46729999,0.319048827,9.0719276,17.1863444,1.6910314,1.71355037,8.11441676,-0.671471565,-1.64711677
35.792026,35.8574231,0.0653970242,1.96435643,4.8164635,6.00485414,10.2320779,1.18839064,4.22722373,0.240507579,6.04649974,11.3495893,1.78454803,1.23003624,5.30308955,-0.0416456024,-1.07586582
36.368464,36.434283,0.065819025,2.17319746,4.96391957,6.55100909,10.7697573,1.58708952,4.21874825,0.247321532,6.46084113,11.9037297,1.98246006,1.49692156,5.44288858,0.0901679655,-1.22414033
37.0134981,37.0782211,0.0647230148,2.15478776,6.6241497,8.08685957,16.1282827,1.46270987,8.04142315,0.846070692,8.58846428,15.852351,1.96590109,1.96431458,7.26388675,-0.501604708,0.777536408
37.6394,37.6941659,0.0547659397,1.74172805,10.3310713,13.2361072,22.8691588,2.9050359,9.63305163,0.436706688,12.4609163,23.8719178,1.57877739,2.12984507,11.4110015,0.775190826,-1.77794985
38.3206959,38.375437,0.0547411442,1.76458123,6.94259059,8.84643067,15.9330439,1.90384008,7.08661323,0.16783764,8.41912161,16.0914383,1.59761488,1.47653102,7.67231668,0.427309055,-0.585703455
38.9290769,38.983463,0.0543861389,1.78003696,7.85535879,8.99501377,15.0259543,1.13965498,6.03094055,0.41638453,9.54715823,18.2234259,1.61273031,1.69179944,8.67626765,-0.552144459,-2.6453271
39.5131891,39.5712821,0.058093071,2.14272903,4.71758499,6.27390766,11.7607122,1.55632266,5.48680458,0.716076348,6.10817605,11.2841761,1.95340711,1.39059105,5.17600005,0.165731608,0.31080453
40.1270812,40.1819661,0.0548849106,2.01440341,6.03656034,7.79894771,14.5184268,1.76238737,6.71947912,0.116496312,7.64052941,14.2789758,1.83247429,1.60396907,6.63844636,0.158418303,0.0810327608
40.7273152,40.79109,0.0637748241,2.31343726,9.45677779,12.1184432,22.1924242,2.66166545,10.0739809,0.466604125,12.5850493,22.9179918,2.11914157,3.12827154,10.3329425,-0.466606096,-0.25896152
41.3481939,41.4015269,0.0533330441,1.7290775,8.00863785,9.30459186,17.1629816,1.29595401,7.85838972,0.0962055914,9.65041045,18.5049615,1.56502597,1.64177259,8.85455102,-0.345818589,-0.996161303
41.9593232,42.01319,0.0538668633,1.81098797,2.47963306,3.90399289,8.71097081,1.42435982,4.80697793,0.45397938,3.03409083,5.77363185,1.63928735,0.554457765,2.73954103,0.869902059,2.0674369
42.5727191,42.6261768,0.053457737,2.08973219,4.66424534,6.47964395,10.4988127,1.81539861,4.01916873,0.590201267,5.98380948,11.1066117,1.90310799,1.31956414,5.12280219,0.49583447,-1.10363346
43.2125401,43.2576411,0.0451009274,2.18961597,0.858791134,1.18220817,4.67656714,0.323417039,3.49435897,0.404182615,1.1219061,2.06358379,1.9969009,0.263114961,0.941677691,0.060302078,2.55268128
43.7915261,43.844368,0.0528419018,1.7913867,6.27034148,9.36340542,19.6436474,3.09306394,10.280242,0.288232141,7.64002826,14.5666098,1.62238048,1.36968678,6.92658151,1.72337716,3.35366048
44.421335,44.4648631,0.04352808,1.48648749,9.04612629,11.0557744,21.7551899,2.00964812,10.6994154,0.528017432,10.4742549,20.523849,1.33936414,1.42812859,10.0495942,0.581519526,0.649821296
44.9540081,45.010632,0.0566239357,1.47566316,8.26843095,9.84380604,17.5423081,1.57537508,7.69850206,0.658767589,9.56020989,18.7503204,1.32875512,1.29177893,9.19011048,0.283596151,-1.49160842
45.5322192,45.5762942,0.0440750122,1.99775411,7.44071004,9.76970222,17.8423352,2.32899219,8.07263299,0.702967055,9.38526204,17.5682068,1.81761879,1.94455201,8.18294473,0.38444018,-0.11031174
46.1603429,46.214607,0.0542640686,1.58197555,3.40102275,4.90582556,11.0730159,1.50480281,6.16719032,0.236444916,4.00543425,7.780974,1.42524503,0.604411494,3.77553976,0.900391316,2.39165057
46.7242851,46.77756,0.0532748699,1.62239811,7.47417611,10.9143577,22.4445419,3.44018162,11.5301841,0.170566799,8.85120085,17.1345725,1.46485659,1.37702473,8.28337169,2.06315689,3.24681243
47.3377771,47.3806739,0.0428967476,1.99530251,7.32651472,9.82886853,20.8085886,2.50235381,10.97972,0.170671828,9.23782257,17.2957803,1.8152214,1.91130785,8.05795774,0.591045965,2.9217623
47.9697521,48.013093,0.0433409214,1.72604189,4.76777844,6.45122748,13.157336,1.68344904,6.70610857,0.422615891,5.7486006,11.0240684,1.56033879,0.980822163,5.27546776,0.702626878,1.43064081
48.5717781,48.6172421,0.0454640388,1.97751931,4.11354157,5.82906135,13.6117672,1.71551978,7.78270588,0.25940898,5.17676073,9.70514671,1.79668633,1.06321916,4.52838598,0.652300619,3.2543199
49.1973128,49.242358,0.0450451374,2.04144301,5.33753906,6.71073245,14.9731424,1.37319339,8.26240995,0.269116752,6.78907616,12.6563606,1.85768531,1.4515371,5.86728441,-0.078343707,2.39512554
49.7820809,49.8261511,0.0440702438,1.73219116,6.57472736,9.18229133,18.1532172,2.60756397,8.97092588,0.646394852,7.93107498,15.2023958,1.56701492,1.35634762,7.27132081,1.25121635,1.69960507
50.4140341,50.4669759,0.0529417992,1.51629832,7.76439666,9.60831084,17.5483825,1.84391419,7.9400717,0.316492178,9.03737462,17.6611174,1.36617872,1.27297796,8.62374278,0.570936223,-0.683671084
50.9696639,51.0134571,0.0437932014,1.5357192,4.2037219,5.94980243,14.3299622,1.74608052,8.38015973,0.594566804,4.91303796,9.58381309,1.38244626,0.709316059,4.67077513,1.03676446,3.7093846
51.5689662,51.623312,0.0543458462,1.72714472,4.5721149,6.51130705,13.374243,1.93919215,6.86293599,0.255120915,5.51396824,10.572979,1.56129047,0.941853339,5.05901075,0.997338811,1.80392525
52.145313,52.2003832,0.0550701618,1.67906751,4.01781545,6.1778515,12.4279176,2.16003605,6.25006609,0.274544388,4.80747781,9.25807131,1.51607627,0.789662364,4.4505935,1.37037369,1.79947259
52.744139,52.7993271,0.055188179,2.10082254,5.83660418,8.26599303,16.7104131,2.42938884,8.44442012,0.0709865305,7.49921875,13.9070901,1.91421262,1.66261456,6.40787132,0.766774278,2.0365488
53.3230472,53.377048,0.0540008545,2.11124681,6.71443995,9.30876051,17.3104348,2.59432055,8.00167432,0.214656308,8.63957158,16.0085197,1.92462777,1.92513163,7.36894813,0.669188924,0.632726191
53.904002,53.9591138,0.0551118851,1.63749345,5.53956172,7.12181341,14.8762165,1.58225169,7.75440305,0.215793864,6.58053339,12.7206456,1.47786048,1.04097167,6.14011217,0.541280019,1.61429088
54.4729068,54.5275619,0.0546550751,2.07471583,5.27112837,8.7195879,17.037859,3.44845953,8.31827111,0.374098746,6.74346699,12.5340084,1.88916463,1.47233862,5.79054138,1.97612091,2.52772973
55.1170731,55.1722128,0.05513978,1.59860559,3.76637412,5.35924145,11.1708089,1.59286733,5.8115674,0.665141652,4.44749954,8.62692127,1.44085731,0.681125422,4.17942173,0.911741909,1.63214567
55.684324,55.738415,0.0540909767,1.70305377,1.4647711,2.8307675,6.22782043,1.3659964,3.39705293,0.547789381,1.76030021,3.3824161,1.53789596,0.295529109,1.62211589,1.07046729,1.77493704
56.315949,56.37134,0.0553910732,1.8526918,2.84512972,4.12606689,7.00263293,1.28093717,2.87656604,0.458438759,3.50581733,6.64633079,1.67858596,0.660687612,3.14051345,0.620249556,-0.263947418
56.9170551,56.97121,0.0541548729,2.37638702,4.45360279,6.70465753,15.0619488,2.25105475,8.35729131,0.569149162,6.00834449,10.8734843,2.17579473,1.55474171,4.86513984,0.696313039,3.49215146
57.574249,57.639209,0.0649600029,1.84598127,6.30841255,9.09091497,14.4449488,2.78250242,5.35403383,0.387928902,7.75741649,14.7181353,1.67372577,1.44900394,6.96071886,1.33349848,-1.60668502
58.1783121,58.2336099,0.0552978516,2.23656326,5.76855534,9.12248535,16.5493431,3.35393,7.42685772,0.516459366,7.58949149,13.9062774,2.04314076,1.82093615,6.31678588,1.53299385,1.11007184
58.8551552,58.9207761,0.0656208992,1.66527947,8.09019986,12.2675645,21.5809357,4.17736469,9.31337112,0.434507014,9.64603331,18.6024912,1.50534541,1.55583346,8.95645793,2.62153123,0.356913194
59.4744711,59.5397081,0.0652370453,1.73501621,4.47052301,6.32335989,11.7608279,1.85283688,5.43746803,0.945960432,5.39867441,10.3445299,1.5686252,0.928151403,4.94585545,0.924685478,0.491612585
60.0992451,60.1651261,0.0658810139,2.0692889,1.66196549,2.43872459,6.32667606,0.776759104,3.88795147,0.343248304,2.1259214,3.95252939,1.8828271,0.463955918,1.82660799,0.312803186,2.06134349
60.7126272,60.7671709,0.0545437336,2.32704982,0.83636258,1.4928981,5.51911273,0.656535524,4.02621463,0.207252936,1.11934274,2.03404892,2.12775533,0.28298016,0.914706179,0.373555365,3.11150845